{
  "type": "object",
  "properties": {
    "AutoSave": {
      "title": "Automatically save changes.",
      "description": "If set to true then changes will be automatically saved.",
      "type": "boolean"
    },
    "PollRefreshRate": {
      "type": "integer"
    },

    "DefaultServiceUrl": {
      "type": "string"
    },
    "ServiceUrls": {
      "type": "array",
      "items": {
        "type": "string"
      }
    },
    "Bookmarks": {
      "type": "array",
      "id": "ListOfBookmarks",
      "items": {
        "type": "object",
        "properties": {
          "title": { "type": "string" },
          "url": { "type": "string" },
          "children": { "$ref": "ListOfBookmarks" }
        }
      }
    },
    "SettingsForUrls": {
      "type": "object",
      "additionalProperties": {
        "type": "object",
        "properties": {
          "blocklisted": { "type": "boolean" },
          "bypass_proxy": { "type": "boolean" }
        }
      }
    }
  }
}